-- phpMyAdmin SQL Dump
-- version 4.2.7.1
-- http://www.phpmyadmin.net
--
-- Servidor: localhost
-- Tiempo de generaci칩n: 07-01-2015 a las 14:49:17
-- Versi칩n del servidor: 5.6.20
-- Versi칩n de PHP: 5.5.15

SET SQL_MODE = "NO_AUTO_VALUE_ON_ZERO";
SET time_zone = "+00:00";


/*!40101 SET @OLD_CHARACTER_SET_CLIENT=@@CHARACTER_SET_CLIENT */;
/*!40101 SET @OLD_CHARACTER_SET_RESULTS=@@CHARACTER_SET_RESULTS */;
/*!40101 SET @OLD_COLLATION_CONNECTION=@@COLLATION_CONNECTION */;
/*!40101 SET NAMES utf8 */;

--
-- Base de datos: `menteswe_itw`
--

-- --------------------------------------------------------

--
-- Estructura de tabla para la tabla `users_access_tokens`
--

CREATE TABLE IF NOT EXISTS `users_access_tokens` (
`id` int(11) NOT NULL,
  `acces_token` varchar(255) NOT NULL,
  `apps_id` int(11) NOT NULL,
  `users_id` int(11) NOT NULL,
  `acces_token_refresh` varchar(255) NOT NULL,
  `code` varchar(255) DEFAULT NULL
) ENGINE=InnoDB DEFAULT CHARSET=latin1 AUTO_INCREMENT=1 ;

-- --------------------------------------------------------

--
-- Estructura de tabla para la tabla `users_apps`
--

CREATE TABLE IF NOT EXISTS `users_apps` (
`id` int(11) NOT NULL,
  `name` varchar(255) NOT NULL,
  `client_id` varchar(255) NOT NULL,
  `client_secret` varchar(255) NOT NULL,
  `redirect_uri` varchar(255) DEFAULT NULL,
  `users_id` int(10) NOT NULL
) ENGINE=InnoDB DEFAULT CHARSET=latin1 AUTO_INCREMENT=1 ;

-- --------------------------------------------------------

--
-- Estructura de tabla para la tabla `users_apps_scopes`
--

CREATE TABLE IF NOT EXISTS `users_apps_scopes` (
`id` int(11) NOT NULL,
  `apps_id` int(11) NOT NULL,
  `scopes_id` varchar(100) NOT NULL
) ENGINE=InnoDB DEFAULT CHARSET=latin1 AUTO_INCREMENT=1 ;

-- --------------------------------------------------------

--
-- Estructura de tabla para la tabla `users_authassignment`
--

CREATE TABLE IF NOT EXISTS `users_authassignment` (
  `itemname` varchar(64) NOT NULL,
  `userid` varchar(64) NOT NULL,
  `bizrule` text,
  `data` text
) ENGINE=InnoDB DEFAULT CHARSET=latin1;

--
-- Volcado de datos para la tabla `users_authassignment`
--

INSERT INTO `users_authassignment` (`itemname`, `userid`, `bizrule`, `data`) VALUES
('admin', '1', NULL, 'N;'),
('root', '3', NULL, 'N;'),
('subscriber', '2', NULL, 'N;');

-- --------------------------------------------------------

--
-- Estructura de tabla para la tabla `users_authitem`
--

CREATE TABLE IF NOT EXISTS `users_authitem` (
  `name` varchar(64) NOT NULL,
  `type` int(11) NOT NULL,
  `description` text,
  `bizrule` text,
  `data` text
) ENGINE=InnoDB DEFAULT CHARSET=latin1;

--
-- Volcado de datos para la tabla `users_authitem`
--

INSERT INTO `users_authitem` (`name`, `type`, `description`, `bizrule`, `data`) VALUES
('admin', 2, 'Manager with broad domain system', '', 'N;'),
('root', 2, 'Powerful user =) for the developer and PM', '', 'N;'),
('subscriber', 2, 'Registered user and primarily focused on front (Client)', '', 'N;');

-- --------------------------------------------------------

--
-- Estructura de tabla para la tabla `users_authitemchild`
--

CREATE TABLE IF NOT EXISTS `users_authitemchild` (
  `parent` varchar(64) NOT NULL,
  `child` varchar(64) NOT NULL
) ENGINE=InnoDB DEFAULT CHARSET=latin1;

-- --------------------------------------------------------

--
-- Estructura de tabla para la tabla `users_code_auth`
--

CREATE TABLE IF NOT EXISTS `users_code_auth` (
`id` int(11) NOT NULL,
  `users_id` int(11) NOT NULL,
  `code` varchar(255) NOT NULL,
  `created_at` timestamp NOT NULL DEFAULT CURRENT_TIMESTAMP ON UPDATE CURRENT_TIMESTAMP
) ENGINE=InnoDB DEFAULT CHARSET=latin1 AUTO_INCREMENT=1 ;

-- --------------------------------------------------------

--
-- Estructura de tabla para la tabla `users_code_auth_apps_scopes`
--

CREATE TABLE IF NOT EXISTS `users_code_auth_apps_scopes` (
`id` int(11) NOT NULL,
  `apps_id` int(11) NOT NULL,
  `scopes_id` varchar(100) NOT NULL
) ENGINE=InnoDB DEFAULT CHARSET=latin1 AUTO_INCREMENT=1 ;

-- --------------------------------------------------------

--
-- Estructura de tabla para la tabla `users_config`
--

CREATE TABLE IF NOT EXISTS `users_config` (
`id` int(11) NOT NULL,
  `labelMenu` varchar(100) DEFAULT NULL,
  `showMenuFromAdmin` tinyint(1) NOT NULL DEFAULT '1',
  `loginInRegister` tinyint(1) NOT NULL DEFAULT '0',
  `sendPassword` tinyint(1) NOT NULL DEFAULT '0',
  `enableOAuth` tinyint(1) NOT NULL DEFAULT '1',
  `allowBasicOAuth` tinyint(1) NOT NULL DEFAULT '0',
  `facebookLoginRegister` tinyint(1) NOT NULL DEFAULT '0',
  `facebookAppId` varchar(30) DEFAULT NULL,
  `facebookSecret` varchar(100) DEFAULT NULL,
  `twitterLoginRegister` tinyint(1) NOT NULL DEFAULT '0',
  `twitterAppId` varchar(30) DEFAULT NULL,
  `twitterSecret` varchar(100) DEFAULT NULL,
  `copyWelcomeEmail` text NOT NULL,
  `copyForgotEmail` text NOT NULL,
  `copySendPassword` text NOT NULL,
  `copySendPasswordForgot` text NOT NULL
) ENGINE=InnoDB  DEFAULT CHARSET=latin1 AUTO_INCREMENT=2 ;

--
-- Volcado de datos para la tabla `users_config`
--

INSERT INTO `users_config` (`id`, `labelMenu`, `showMenuFromAdmin`, `loginInRegister`, `sendPassword`, `enableOAuth`, `allowBasicOAuth`, `facebookLoginRegister`, `facebookAppId`, `facebookSecret`, `twitterLoginRegister`, `twitterAppId`, `twitterSecret`, `copyWelcomeEmail`, `copyForgotEmail`, `copySendPassword`, `copySendPasswordForgot`) VALUES
(1, 'Usuarios', 1, 0, 0, 1, 0, 0, '', '', 0, '', '', '<p>\r\n      Hi {{name}}<span style="background-color: initial;">! </span>\r\n</p>\r\n<p>\r\n We''re almost through the registration process just need to confirm your email\r\n</p>', '<p>\r\n      Hi {{name}}! <br>\r\n</p>\r\n<p>\r\n Almost you recover your password, please follow this link:\r\n</p>', '<p>\r\n     Hola {{name}}! <br>\r\n     <br>\r\n     Esta es tu nueva contrase침a:<br>\r\n  <strong>Usuario:</strong><em>{{email}}</em><br>\r\n <strong>Password:</strong><em>{{password}}</em>\r\n</p>', '<p>\r\n   Hola {{name}}! <br>\r\n     <br>\r\n     Bienvenido a {{appname}} tus datos de ingreso son:<br>\r\n    <strong>Usuario:</strong><em>{{email}}</em><br>\r\n <strong>Password:</strong><em>{{password}}</em>\r\n</p>');

-- --------------------------------------------------------

--
-- Estructura de tabla para la tabla `users_followers`
--

CREATE TABLE IF NOT EXISTS `users_followers` (
`id` int(11) NOT NULL,
  `users_users_id` int(11) NOT NULL,
  `users_follower_id` int(11) NOT NULL,
  `created_at` datetime NOT NULL
) ENGINE=InnoDB  DEFAULT CHARSET=latin1 AUTO_INCREMENT=3 ;

--
-- Volcado de datos para la tabla `users_followers`
--

INSERT INTO `users_followers` (`id`, `users_users_id`, `users_follower_id`, `created_at`) VALUES
(1, 3, 3, '2014-12-09 23:27:24'),
(2, 3, 2, '2014-12-09 23:27:28');

-- --------------------------------------------------------

--
-- Estructura de tabla para la tabla `users_following`
--

CREATE TABLE IF NOT EXISTS `users_following` (
`id` int(11) NOT NULL,
  `users_users_id` int(11) NOT NULL,
  `users_following_id` int(11) NOT NULL,
  `created_at` datetime NOT NULL
) ENGINE=InnoDB  DEFAULT CHARSET=latin1 AUTO_INCREMENT=4 ;

--
-- Volcado de datos para la tabla `users_following`
--

INSERT INTO `users_following` (`id`, `users_users_id`, `users_following_id`, `created_at`) VALUES
(1, 3, 1, '2014-12-09 23:22:54'),
(3, 3, 2, '2014-12-09 23:27:41');

-- --------------------------------------------------------

--
-- Estructura de tabla para la tabla `users_location_cities`
--

CREATE TABLE IF NOT EXISTS `users_location_cities` (
`id` int(11) NOT NULL,
  `name` varchar(255) NOT NULL,
  `code` varchar(4) NOT NULL COMMENT 'unique:1',
  `users_location_states_id` int(11) NOT NULL COMMENT 'type:select;table:users_location_states',
  `orden_id` int(11) NOT NULL
) ENGINE=InnoDB  DEFAULT CHARSET=latin1 AUTO_INCREMENT=99775 ;

--
-- Volcado de datos para la tabla `users_location_cities`
--

INSERT INTO `users_location_cities` (`id`, `name`, `code`, `users_location_states_id`, `orden_id`) VALUES
(1515, 'SANTA MARTA - CORDOBA, colombia', '1515', 23, 1515),
(2020, 'SAMARIA ', '2020', 17, 2020),
(5001, 'MEDELLIN', '5001', 5, 5001),
(5002, 'ABEJORRAL', '5002', 5, 5002),
(5004, 'ABRIAQUI', '5004', 5, 5004),
(5021, 'ALEJANDRIA', '5021', 5, 5021),
(5030, 'AMAGA', '5030', 5, 5030),
(5031, 'AMALFI', '5031', 5, 5031),
(5034, 'ANDES', '5034', 5, 5034),
(5036, 'ANGELOPOLIS', '5036', 5, 5036),
(5038, 'ANGOSTURA', '5038', 5, 5038),
(5040, 'ANORI', '5040', 5, 5040),
(5042, 'SANTAFE DE ANTIOQUIA', '5042', 5, 5042),
(5044, 'ANZA', '5044', 5, 5044),
(5045, 'APARTADO', '5045', 5, 5045),
(5051, 'ARBOLETES', '5051', 5, 5051),
(5055, 'ARGELIA', '5055', 5, 5055),
(5079, 'BARBOSA ANTIOQUIA', '5079', 5, 5079),
(5086, 'BELMIRA', '5086', 5, 5086),
(5088, 'BELLO', '5088', 5, 5088),
(5091, 'BETANIA', '5091', 5, 5091),
(5093, 'BETULIA', '5093', 5, 5093),
(5101, 'CIUDAD BOLIVAR', '5101', 5, 5101),
(5107, 'BRICENO', '5107', 5, 5107),
(5113, 'BURITICA', '5113', 5, 5113),
(5120, 'CACERES', '5120', 5, 5120),
(5125, 'CAICEDO', '5125', 5, 5125),
(5129, 'CALDAS', '5129', 5, 5129),
(5134, 'CAMPAMENTO', '5134', 5, 5134),
(5138, 'CANASGORDAS', '5138', 5, 5138),
(5142, 'CARACOLI', '5142', 5, 5142),
(5145, 'CARAMANTA', '5145', 5, 5145),
(5147, 'CAREPA', '5147', 5, 5147),
(5148, 'EL CARMEN DE VIBORAL', '5148', 5, 5148),
(5150, 'CARMEN DE BOLIVAR', '5150', 13, 5150),
(5154, 'CAUCASIA', '5154', 5, 5154),
(5172, 'CHIGORODO', '5172', 5, 5172),
(5190, 'CISNEROS', '5190', 5, 5190),
(5197, 'COCORNA', '5197', 5, 5197),
(5206, 'CONCEPCION', '5206', 5, 5206),
(5209, 'CONCORDIA', '5209', 5, 5209),
(5212, 'COPACABANA', '5212', 5, 5212),
(5234, 'DABEIBA', '5234', 5, 5234),
(5237, 'DON MATIAS', '5237', 5, 5237),
(5240, 'EBEJICO', '5240', 5, 5240),
(5250, 'EL BAGRE', '5250', 5, 5250),
(5264, 'ENTRERRIOS', '5264', 5, 5264),
(5266, 'ENVIGADO', '5266', 5, 5266),
(5282, 'FREDONIA', '5282', 5, 5282),
(5284, 'FRONTINO', '5284', 5, 5284),
(5306, 'GIRALDO', '5306', 5, 5306),
(5308, 'GIRARDOTA', '5308', 5, 5308),
(5310, 'GOMEZ PLATA', '5310', 5, 5310),
(5313, 'GRANADA-ANTIOQUIA', '5313', 5, 5313),
(5315, 'GUADALUPE', '5315', 5, 5315),
(5318, 'GUARNE', '5318', 5, 5318),
(5321, 'GUATAPE', '5321', 5, 5321),
(5347, 'HELICONIA', '5347', 5, 5347),
(5353, 'HISPANIA', '5353', 5, 5353),
(5360, 'ITAGUI', '5360', 5, 5360),
(5361, 'ITUANGO', '5361', 5, 5361),
(5364, 'JARDIN', '5364', 5, 5364),
(5368, 'JERICO', '5368', 5, 5368),
(5376, 'LA CEJA', '5376', 5, 5376),
(5380, 'LA ESTRELLA', '5380', 5, 5380),
(5390, 'LA PINTADA', '5390', 5, 5390),
(5400, 'LA UNION', '5400', 5, 5400),
(5411, 'LIBORINA', '5411', 5, 5411),
(5425, 'MACEO', '5425', 5, 5425),
(5440, 'MARINILLA', '5440', 5, 5440),
(5467, 'MONTEBELLO', '5467', 5, 5467),
(5475, 'MURINDO', '5475', 5, 5475),
(5480, 'MUTATA', '5480', 5, 5480),
(5483, 'NARINO', '5483', 5, 5483),
(5490, 'NECOCLI', '5490', 5, 5490),
(5495, 'NECHI', '5495', 5, 5495),
(5501, 'OLAYA', '5501', 5, 5501),
(5541, 'PENOL', '5541', 5, 5541),
(5543, 'PEQUE', '5543', 5, 5543),
(5576, 'PUEBLORRICO', '5576', 5, 5576),
(5579, 'PUERTO BERRIO', '5579', 5, 5579),
(5585, 'PUERTO NARE', '5585', 5, 5585),
(5591, 'PUERTO TRIUNFO - DORADAL', '5591', 5, 5591),
(5604, 'REMEDIOS', '5604', 5, 5604),
(5607, 'RETIRO', '5607', 5, 5607),
(5615, 'RIONEGRO ANTIOQUIA', '5615', 5, 5615),
(5628, 'SABANALARGA', '5628', 5, 5628),
(5631, 'SABANETA', '5631', 5, 5631),
(5642, 'SALGAR', '5642', 5, 5642),
(5647, 'SAN ANDRES', '5647', 5, 5647),
(5649, 'SAN CARLOS', '5649', 5, 5649),
(5652, 'SAN FRANCISCO', '5652', 5, 5652),
(5656, 'SAN JERONIMO', '5656', 5, 5656),
(5658, 'SAN JOSE DE LA MONTANA', '5658', 5, 5658),
(5659, 'SAN JUAN DE URABA', '5659', 5, 5659),
(5660, 'SAN LUIS', '5660', 5, 5660),
(5664, 'SAN PEDRO', '5664', 5, 5664),
(5665, 'SAN PEDRO DE URABA', '5665', 5, 5665),
(5667, 'SAN RAFAEL', '5667', 5, 5667),
(5670, 'SAN ROQUE', '5670', 5, 5670),
(5674, 'SAN VICENTE', '5674', 5, 5674),
(5679, 'SANTA BARBARA', '5679', 5, 5679),
(5686, 'SANTA ROSA DE OSOS', '5686', 5, 5686),
(5690, 'SANTO DOMINGO', '5690', 5, 5690),
(5697, 'EL SANTUARIO', '5697', 5, 5697),
(5736, 'SEGOVIA', '5736', 5, 5736),
(5756, 'SONSON', '5756', 5, 5756),
(5761, 'SOPETRAN', '5761', 5, 5761),
(5789, 'TAMESIS', '5789', 5, 5789),
(5790, 'TARAZA', '5790', 5, 5790),
(5792, 'TARSO', '5792', 5, 5792),
(5809, 'TITIRIBI', '5809', 5, 5809),
(5819, 'TOLEDO', '5819', 5, 5819),
(5837, 'TURBO', '5837', 5, 5837),
(5842, 'URAMITA', '5842', 5, 5842),
(5847, 'URRAO', '5847', 5, 5847),
(5854, 'VALDIVIA', '5854', 5, 5854),
(5856, 'VALPARAISO', '5856', 5, 5856),
(5858, 'VEGACHI', '5858', 5, 5858),
(5861, 'VENECIA', '5861', 5, 5861),
(5873, 'VIGIA DEL FUERTE', '5873', 5, 5873),
(5885, 'YALI', '5885', 5, 5885),
(5887, 'YARUMAL', '5887', 5, 5887),
(5890, 'YOLOMBO', '5890', 5, 5890),
(5893, 'YONDO', '5893', 5, 5893),
(5895, 'ZARAGOZA', '5895', 5, 5895),
(8001, 'BARRANQUILLA', '8001', 8, 8001),
(8078, 'BARANOA', '8078', 8, 8078),
(8137, 'CAMPO DE LA CRUZ', '8137', 8, 8137),
(8141, 'CANDELARIA', '8141', 8, 8141),
(8296, 'GALAPA', '8296', 8, 8296),
(8372, 'JUAN DE ACOSTA', '8372', 8, 8372),
(8421, 'LURUACO', '8421', 8, 8421),
(8433, 'MALAMBO', '8433', 8, 8433),
(8436, 'MANATI', '8436', 8, 8436),
(8520, 'PALMAR DE VARELA', '8520', 8, 8520),
(8549, 'PIOJO', '8549', 8, 8549),
(8558, 'POLONUEVO', '8558', 8, 8558),
(8560, 'PONEDERA', '8560', 8, 8560),
(8573, 'PUERTO COLOMBIA', '8573', 8, 8573),
(8606, 'REPELON', '8606', 8, 8606),
(8634, 'SABANAGRANDE', '8634', 8, 8634),
(8638, 'SABANALARGA', '8638', 8, 8638),
(8675, 'SANTA LUCIA', '8675', 8, 8675),
(8685, 'SANTO TOMAS', '8685', 8, 8685),
(8758, 'SOLEDAD', '8758', 8, 8758),
(8770, 'SUAN', '8770', 8, 8770),
(8832, 'TUBARA', '8832', 8, 8832),
(8849, 'USIACURI', '8849', 8, 8849),
(11001, 'BOGOTA', '1100', 11, 11001),
(13001, 'CARTAGENA', '1300', 13, 13001),
(13006, 'ACHI', '1300', 13, 13006),
(13030, 'ALTOS DEL ROSARIO', '1303', 13, 13030),
(13042, 'ARENAL', '1304', 13, 13042),
(13052, 'ARJONA', '1305', 13, 13052),
(13062, 'ARROYOHONDO', '1306', 13, 13062),
(13074, 'BARRANCO DE LOBA', '1307', 13, 13074),
(13140, 'CALAMAR', '1314', 13, 13140),
(13160, 'CANTAGALLO', '1316', 13, 13160),
(13188, 'CICUCO', '1318', 13, 13188),
(13212, 'CORDOBA', '1321', 13, 13212),
(13222, 'CLEMENCIA', '1322', 13, 13222),
(13244, 'EL CARMEN DE BOLIVAR', '1324', 13, 13244),
(13248, 'EL GUAMO', '1324', 13, 13248),
(13268, 'EL PENON', '1326', 13, 13268),
(13300, 'HATILLO DE LOBA', '1330', 13, 13300),
(13430, 'MAGANGUE', '1343', 13, 13430),
(13433, 'MAHATES', '1343', 13, 13433),
(13440, 'MARGARITA', '1344', 13, 13440),
(13442, 'MARIA LA BAJA', '1344', 13, 13442),
(13458, 'MONTECRISTO', '1345', 13, 13458),
(13468, 'MOMPOS', '1346', 13, 13468),
(13473, 'MORALES', '1347', 13, 13473),
(13549, 'PINILLOS', '1354', 13, 13549),
(13580, 'REGIDOR', '1358', 13, 13580),
(13600, 'RIO VIEJO', '1360', 13, 13600),
(13620, 'SAN CRISTOBAL', '1362', 13, 13620),
(13647, 'SAN ESTANISLAO', '1364', 13, 13647),
(13650, 'SAN FERNANDO', '1365', 13, 13650),
(13654, 'SAN JACINTO', '1365', 13, 13654),
(13655, 'SAN JACINTO DEL CAUCA', '1365', 13, 13655),
(13657, 'SAN JUAN DE NEPOMUCENO', '1365', 13, 13657),
(13667, 'SAN MARTIN DE LOBA', '1366', 13, 13667),
(13670, 'SAN PABLO', '1367', 13, 13670),
(13673, 'SANTA CATALINA', '1367', 13, 13673),
(13683, 'SANTA ROSA', '1368', 13, 13683),
(13688, 'SANTA ROSA DEL SUR', '1368', 13, 13688),
(13744, 'SIMITI', '1374', 13, 13744),
(13760, 'SOPLAVIENTO', '1376', 13, 13760),
(13780, 'TALAIGUA NUEVO', '1378', 13, 13780),
(13810, 'TIQUISIO', '1381', 13, 13810),
(13836, 'TURBACO', '1383', 13, 13836),
(13838, 'TURBANA', '1383', 13, 13838),
(13873, 'VILLANUEVA', '1387', 13, 13873),
(13894, 'ZAMBRANO', '1389', 13, 13894),
(15001, 'TUNJA', '1500', 15, 15001),
(15022, 'ALMEIDA', '1502', 15, 15022),
(15047, 'AQUITANIA', '1504', 15, 15047),
(15051, 'ARCABUCO', '1505', 15, 15051),
(15087, 'BELEN', '1508', 15, 15087),
(15090, 'BERBEO', '1509', 15, 15090),
(15092, 'BETEITIVA', '1509', 15, 15092),
(15097, 'BOAVITA', '1509', 15, 15097),
(15104, 'BOYACA', '1510', 15, 15104),
(15106, 'BRICENO', '1510', 15, 15106),
(15109, 'BUENAVISTA', '1510', 15, 15109),
(15114, 'BUSBANZA', '1511', 15, 15114),
(15131, 'CALDAS', '1513', 15, 15131),
(15135, 'CAMPOHERMOSO', '1513', 15, 15135),
(15162, 'CERINZA', '1516', 15, 15162),
(15172, 'CHINAVITA', '1517', 15, 15172),
(15176, 'CHIQUINQUIRA', '1517', 15, 15176),
(15180, 'CHISCAS', '1518', 15, 15180),
(15183, 'CHITA', '1518', 15, 15183),
(15185, 'CHITARAQUE', '1518', 15, 15185),
(15187, 'CHIVATA', '1518', 15, 15187),
(15189, 'CIENEGA', '1518', 15, 15189),
(15204, 'COMBITA', '1520', 15, 15204),
(15212, 'COPER', '1521', 15, 15212),
(15215, 'CORRALES', '1521', 15, 15215),
(15218, 'COVARACHIA', '1521', 15, 15218),
(15223, 'CUBARA', '1522', 15, 15223),
(15224, 'CUCAITA', '1522', 15, 15224),
(15226, 'CUITIVA', '1522', 15, 15226),
(15232, 'CHIQUIZA', '1523', 15, 15232),
(15236, 'CHIVOR', '1523', 15, 15236),
(15238, 'DUITAMA', '1523', 15, 15238),
(15244, 'EL COCUY', '1524', 15, 15244),
(15248, 'EL ESPINO', '1524', 15, 15248),
(15272, 'FIRAVITOBA', '1527', 15, 15272),
(15276, 'FLORESTA', '1527', 15, 15276),
(15293, 'GACHANTIVA', '1529', 15, 15293),
(15296, 'GAMEZA', '1529', 15, 15296),
(15299, 'GARAGOA', '1529', 15, 15299),
(15317, 'GUACAMAYAS', '1531', 15, 15317),
(15322, 'GUATEQUE', '1532', 15, 15322),
(15325, 'GUAYATA', '1532', 15, 15325),
(15332, 'GUICAN', '1533', 15, 15332),
(15362, 'IZA', '1536', 15, 15362),
(15367, 'JENESANO', '1536', 15, 15367),
(15368, 'JERICO', '1536', 15, 15368),
(15377, 'LABRANZAGRANDE', '1537', 15, 15377),
(15380, 'LA CAPILLA', '1538', 15, 15380),
(15401, 'LA VICTORIA', '1540', 15, 15401),
(15403, 'LA UVITA', '1540', 15, 15403),
(15407, 'VILLA DE LEYVA', '1540', 15, 15407),
(15425, 'MACANAL', '1542', 15, 15425),
(15442, 'MARIPI', '1544', 15, 15442),
(15455, 'MIRAFLORES', '1545', 15, 15455),
(15464, 'MONGUA', '1546', 15, 15464),
(15466, 'MONGUI', '1546', 15, 15466),
(15469, 'MONIQUIRA', '1546', 15, 15469),
(15476, 'MOTAVITA', '1547', 15, 15476),
(15480, 'MUZO', '1548', 15, 15480),
(15491, 'NOBSA', '1549', 15, 15491),
(15494, 'NUEVO COLON', '1549', 15, 15494),
(15500, 'OICATA', '1550', 15, 15500),
(15507, 'OTANCHE', '1550', 15, 15507),
(15511, 'PACHAVITA', '1551', 15, 15511),
(15514, 'PAEZ', '1551', 15, 15514),
(15516, 'PAIPA', '1551', 15, 15516),
(15518, 'PAJARITO', '1551', 15, 15518),
(15522, 'PANQUEBA', '1552', 15, 15522),
(15531, 'PAUNA', '1553', 15, 15531),
(15533, 'PAYA', '1553', 15, 15533),
(15537, 'PAZ DE RIO', '1553', 15, 15537),
(15542, 'PESCA', '1554', 15, 15542),
(15550, 'PISBA', '1555', 15, 15550),
(15572, 'PUERTO BOYACA', '1557', 15, 15572),
(15580, 'QUIPAMA', '1558', 15, 15580),
(15599, 'RAMIRIQUI', '1559', 15, 15599),
(15600, 'RAQUIRA', '1560', 15, 15600),
(15621, 'RONDON', '1562', 15, 15621),
(15632, 'SABOYA', '1563', 15, 15632),
(15638, 'SACHICA', '1563', 15, 15638),
(15646, 'SAMACA', '1564', 15, 15646),
(15660, 'SAN EDUARDO', '1566', 15, 15660),
(15664, 'SAN JOSE DE PARE', '1566', 15, 15664),
(15667, 'SAN LUIS DE GACENO', '1566', 15, 15667),
(15673, 'SAN MATEO', '1567', 15, 15673),
(15676, 'SAN MIGUEL DE SEMA', '1567', 15, 15676),
(15681, 'SAN PABLO DE BORBUR', '1568', 15, 15681),
(15686, 'SANTANA', '1568', 15, 15686),
(15690, 'SANTA MARIA', '1569', 15, 15690),
(15693, 'SANTA ROSA DE VITERBO', '1569', 15, 15693),
(15696, 'SANTA SOFIA', '1569', 15, 15696),
(15720, 'SATIVANORTE', '1572', 15, 15720),
(15723, 'SATIVASUR', '1572', 15, 15723),
(15740, 'SIACHOQUE', '1574', 15, 15740),
(15753, 'SOATA', '1575', 15, 15753),
(15755, 'SOCOTA', '1575', 15, 15755),
(15757, 'SOCHA', '1575', 15, 15757),
(15759, 'SOGAMOSO', '1575', 15, 15759),
(15761, 'SOMONDOCO', '1576', 15, 15761),
(15762, 'SORA', '1576', 15, 15762),
(15763, 'SOTAQUIRA', '1576', 15, 15763),
(15764, 'SORACA', '1576', 15, 15764),
(15774, 'SUSACON', '1577', 15, 15774),
(15776, 'SUTAMARCHAN', '1577', 15, 15776),
(15778, 'SUTATENZA', '1577', 15, 15778),
(15790, 'TASCO', '1579', 15, 15790),
(15798, 'TENZA', '1579', 15, 15798),
(15804, 'TIBANA', '1580', 15, 15804),
(15806, 'TIBASOSA', '1580', 15, 15806),
(15808, 'TINJACA', '1580', 15, 15808),
(15810, 'TIPACOQUE', '1581', 15, 15810),
(15814, 'TOCA', '1581', 15, 15814),
(15816, 'TOGUI', '1581', 15, 15816),
(15820, 'TOPAGA', '1582', 15, 15820),
(15822, 'TOTA', '1582', 15, 15822),
(15832, 'TUNUNGUA', '1583', 15, 15832),
(15835, 'TURMEQUE', '1583', 15, 15835),
(15837, 'TUTA', '1583', 15, 15837),
(15839, 'TUTAZA', '1583', 15, 15839),
(15842, 'UMBITA', '1584', 15, 15842),
(15861, 'VENTAQUEMADA', '1586', 15, 15861),
(15879, 'VIRACACHA', '1587', 15, 15879),
(15897, 'ZETAQUIRA', '1589', 15, 15897),
(17001, 'MANIZALES', '1700', 17, 17001),
(17013, 'AGUADAS', '1701', 17, 17013),
(17042, 'ANSERMA', '1704', 17, 17042),
(17050, 'ARANZAZU', '1705', 17, 17050),
(17088, 'BELALCAZAR', '1708', 17, 17088),
(17174, 'CHINCHINA', '1717', 17, 17174),
(17272, 'FILADELFIA', '1727', 17, 17272),
(17380, 'LA DORADA', '1738', 17, 17380),
(17388, 'LA MERCED', '1738', 17, 17388),
(17433, 'MANZANARES', '1743', 17, 17433),
(17442, 'MARMATO', '1744', 17, 17442),
(17444, 'MARQUETALIA', '1744', 17, 17444),
(17446, 'MARULANDA', '1744', 17, 17446),
(17486, 'NEIRA', '1748', 17, 17486),
(17495, 'NORCASIA', '1749', 17, 17495),
(17513, 'PACORA', '1751', 17, 17513),
(17524, 'PALESTINA', '1752', 17, 17524),
(17541, 'PENSILVANIA', '1754', 17, 17541),
(17614, 'RIOSUCIO', '1761', 17, 17614),
(17616, 'RISARALDA', '1761', 17, 17616),
(17653, 'SALAMINA', '1765', 17, 17653),
(17662, 'SAMANA', '1766', 17, 17662),
(17665, 'SAN JOSE', '1766', 17, 17665),
(17777, 'SUPIA', '1777', 17, 17777),
(17867, 'VICTORIA', '1786', 17, 17867),
(17873, 'VILLAMARIA', '1787', 17, 17873),
(17877, 'VITERBO', '1787', 17, 17877),
(18001, 'FLORENCIA', '1800', 18, 18001),
(18029, 'ALBANIA', '1802', 18, 18029),
(18094, 'BELEN DE LOS ANDAQUIES', '1809', 18, 18094),
(18150, 'CARTAGENA DEL CHAIRA', '1815', 18, 18150),
(18205, 'CURILLO', '1820', 18, 18205),
(18247, 'EL DONCELLO', '1824', 18, 18247),
(18256, 'EL PAUJIL', '1825', 18, 18256),
(18410, 'LA MONTANITA', '1841', 18, 18410),
(18460, 'MILAN', '1846', 18, 18460),
(18479, 'MORELIA', '1847', 18, 18479),
(18592, 'PUERTO RICO', '1859', 18, 18592),
(18610, 'SAN JOSE DEL FRAGUA', '1861', 18, 18610),
(18753, 'SAN VICENTE DEL CAGUAN', '1875', 18, 18753),
(18756, 'SOLANO', '1875', 18, 18756),
(18785, 'SOLITA', '1878', 18, 18785),
(18860, 'VALPARAISO', '1886', 18, 18860),
(19001, 'POPAYAN', '1900', 19, 19001),
(19022, 'ALMAGUER', '1902', 19, 19022),
(19050, 'ARGELIA', '1905', 19, 19050),
(19075, 'BALBOA', '1907', 19, 19075),
(19100, 'BOLIVAR', '1910', 19, 19100),
(19110, 'BUENOS AIRES', '1911', 19, 19110),
(19130, 'CAJIBIO', '1913', 19, 19130),
(19137, 'CALDONO', '1913', 19, 19137),
(19142, 'CALOTO', '1914', 19, 19142),
(19212, 'CORINTO', '1921', 19, 19212),
(19256, 'EL TAMBO', '1925', 19, 19256),
(19290, 'FLORENCIA', '1929', 19, 19290),
(19318, 'GUAPI', '1931', 19, 19318),
(19355, 'INZA', '1935', 19, 19355),
(19364, 'JAMBALO', '1936', 19, 19364),
(19392, 'LA SIERRA', '1939', 19, 19392),
(19397, 'LA VEGA', '1939', 19, 19397),
(19418, 'LOPEZ', '1941', 19, 19418),
(19450, 'MERCADERES', '1945', 19, 19450),
(19455, 'MIRANDA', '1945', 19, 19455),
(19473, 'MORALES', '1947', 19, 19473),
(19513, 'PADILLA', '1951', 19, 19513),
(19517, 'PAEZ', '1951', 19, 19517),
(19532, 'PATIA', '1953', 19, 19532),
(19533, 'PIAMONTE', '1953', 19, 19533),
(19548, 'PIENDAMO', '1954', 19, 19548),
(19573, 'PUERTO TEJADA', '1957', 19, 19573),
(19585, 'PURACE', '1958', 19, 19585),
(19622, 'ROSAS', '1962', 19, 19622),
(19693, 'SAN SEBASTIAN', '1969', 19, 19693),
(19698, 'SANTANDER DE QUILICHAO', '1969', 19, 19698),
(19701, 'SANTA ROSA', '1970', 19, 19701),
(19743, 'SILVIA', '1974', 19, 19743),
(19760, 'SOTARA', '1976', 19, 19760),
(19780, 'SUAREZ', '1978', 19, 19780),
(19785, 'SUCRE', '1978', 19, 19785),
(19807, 'TIMBIO', '1980', 19, 19807),
(19809, 'TIMBIQUI', '1980', 19, 19809),
(19821, 'TORIBIO', '1982', 19, 19821),
(19824, 'TOTORO', '1982', 19, 19824),
(19845, 'VILLA RICA', '1984', 19, 19845),
(20001, 'VALLEDUPAR', '2000', 20, 20001),
(20011, 'AGUACHICA', '2001', 20, 20011),
(20013, 'AGUSTIN CODAZZI', '2001', 20, 20013),
(20032, 'ASTREA', '2003', 20, 20032),
(20045, 'BECERRIL', '2004', 20, 20045),
(20060, 'BOSCONIA', '2006', 20, 20060),
(20175, 'CHIMICHAGUA', '2017', 20, 20175),
(20178, 'CHIRIGUANA', '2017', 20, 20178),
(20228, 'CURUMANI', '2022', 20, 20228),
(20238, 'EL COPEY', '2023', 20, 20238),
(20250, 'EL PASO', '2025', 20, 20250),
(20295, 'GAMARRA', '2029', 20, 20295),
(20310, 'GONZALEZ', '2031', 20, 20310),
(20383, 'LA GLORIA', '2038', 20, 20383),
(20400, 'LA JAGUA DE IBIRICO', '2040', 20, 20400),
(20443, 'MANAURE', '2044', 20, 20443),
(20517, 'PAILITAS', '2051', 20, 20517),
(20550, 'PELAYA', '2055', 20, 20550),
(20570, 'PUEBLO BELLO', '2057', 20, 20570),
(20614, 'RIO DE ORO', '2061', 20, 20614),
(20621, 'LA PAZ', '2062', 20, 20621),
(20710, 'SAN ALBERTO', '2071', 20, 20710),
(20750, 'SAN DIEGO', '2075', 20, 20750),
(20770, 'SAN MARTIN', '2077', 20, 20770),
(20787, 'TAMALAMEQUE', '2078', 20, 20787),
(23001, 'MONTERIA', '2300', 23, 23001),
(23068, 'AYAPEL', '2306', 23, 23068),
(23079, 'BUENAVISTA', '2307', 23, 23079),
(23090, 'CANALETE', '2309', 23, 23090),
(23162, 'CERETE', '2316', 23, 23162),
(23168, 'CHIMA', '2316', 23, 23168),
(23182, 'CHINU', '2318', 23, 23182),
(23189, 'CIENAGA DE ORO', '2318', 23, 23189),
(23300, 'COTORRA', '2330', 23, 23300),
(23350, 'LA APARTADA', '2335', 23, 23350),
(23417, 'LORICA', '2341', 23, 23417),
(23419, 'LOS CORDOBAS', '2341', 23, 23419),
(23464, 'MOMIL', '2346', 23, 23464),
(23466, 'MONTELIBANO', '2346', 23, 23466),
(23500, 'MONITOS', '2350', 23, 23500),
(23555, 'PLANETA RICA', '2355', 23, 23555),
(23570, 'PUEBLO NUEVO', '2357', 23, 23570),
(23574, 'PUERTO ESCONDIDO', '2357', 23, 23574),
(23580, 'PUERTO LIBERTADOR', '2358', 23, 23580),
(23586, 'PURISIMA', '2358', 23, 23586),
(23660, 'SAHAGUN', '2366', 23, 23660),
(23670, 'SAN ANDRES SOTAVENTO', '2367', 23, 23670),
(23672, 'SAN ANTERO', '2367', 23, 23672),
(23675, 'SAN BERNARDO DEL VIENTO', '2367', 23, 23675),
(23678, 'SAN CARLOS', '2367', 23, 23678),
(23686, 'SAN PELAYO', '2368', 23, 23686),
(23807, 'TIERRALTA', '2380', 23, 23807),
(23855, 'VALENCIA', '2385', 23, 23855),
(25001, 'AGUA DE DIOS', '2500', 25, 25001),
(25019, 'ALBAN', '2501', 25, 25019),
(25035, 'ANAPOIMA', '2503', 25, 25035),
(25040, 'ANOLAIMA', '2504', 25, 25040),
(25053, 'ARBELAEZ', '2505', 25, 25053),
(25086, 'BELTRAN', '2508', 25, 25086),
(25095, 'BITUIMA', '2509', 25, 25095),
(25099, 'BOJACA', '2509', 25, 25099),
(25120, 'CABRERA', '2512', 25, 25120),
(25123, 'CACHIPAY', '2512', 25, 25123),
(25126, 'CAJICA', '2512', 25, 25126),
(25148, 'CAPARRAPI', '2514', 25, 25148),
(25151, 'CAQUEZA', '2515', 25, 25151),
(25154, 'CARMEN DE CARUPA', '2515', 25, 25154),
(25168, 'CHAGUANI', '2516', 25, 25168),
(25175, 'CHIA', '2517', 25, 25175),
(25178, 'CHIPAQUE', '2517', 25, 25178),
(25181, 'CHOACHI', '2518', 25, 25181),
(25183, 'CHOCONTA', '2518', 25, 25183),
(25200, 'COGUA', '2520', 25, 25200),
(25214, 'COTA', '2521', 25, 25214),
(25224, 'CUCUNUBA', '2522', 25, 25224),
(25245, 'EL COLEGIO', '2524', 25, 25245),
(25258, 'EL PENON', '2525', 25, 25258),
(25260, 'EL ROSAL', '2526', 25, 25260),
(25269, 'FACATATIVA', '2526', 25, 25269),
(25279, 'FOMEQUE', '2527', 25, 25279),
(25281, 'FOSCA', '2528', 25, 25281),
(25286, 'FUNZA', '2528', 25, 25286),
(25288, 'FUQUENE', '2528', 25, 25288),
(25290, 'FUSAGASUGA', '2529', 25, 25290),
(25293, 'GACHALA', '2529', 25, 25293),
(25295, 'GACHANCIPA', '2529', 25, 25295),
(25297, 'GACHETA', '2529', 25, 25297),
(25299, 'GAMA', '2529', 25, 25299),
(25307, 'GIRARDOT', '2530', 25, 25307),
(25312, 'GRANADA-CUNDINAMARCA', '2531', 25, 25312),
(25317, 'GUACHETA', '2531', 25, 25317),
(25320, 'GUADUAS', '2532', 25, 25320),
(25322, 'GUASCA', '2532', 25, 25322),
(25324, 'GUATAQUI', '2532', 25, 25324),
(25326, 'GUATAVITA', '2532', 25, 25326),
(25328, 'GUAYABAL DE SIQUIMA', '2532', 25, 25328),
(25335, 'GUAYABETAL', '2533', 25, 25335),
(25339, 'GUTIERREZ', '2533', 25, 25339),
(25368, 'JERUSALEN', '2536', 25, 25368),
(25372, 'JUNIN', '2537', 25, 25372),
(25377, 'LA CALERA', '2537', 25, 25377),
(25386, 'LA MESA', '2538', 25, 25386),
(25394, 'LA PALMA', '2539', 25, 25394),
(25398, 'LA PENA', '2539', 25, 25398),
(25402, 'LA VEGA', '2540', 25, 25402),
(25407, 'LENGUAZAQUE', '2540', 25, 25407),
(25426, 'MACHETA', '2542', 25, 25426),
(25430, 'MADRID', '2543', 25, 25430),
(25436, 'MANTA', '2543', 25, 25436),
(25438, 'MEDINA', '2543', 25, 25438),
(25473, 'MOSQUERA', '2547', 25, 25473),
(25483, 'NARINO', '2548', 25, 25483),
(25486, 'NEMOCON', '2548', 25, 25486),
(25488, 'NILO', '2548', 25, 25488),
(25489, 'NIMAIMA', '2548', 25, 25489),
(25491, 'NOCAIMA', '2549', 25, 25491),
(25506, 'VENECIA', '2550', 25, 25506),
(25513, 'PACHO', '2551', 25, 25513),
(25518, 'PAIME', '2551', 25, 25518),
(25524, 'PANDI', '2552', 25, 25524),
(25530, 'PARATEBUENO', '2553', 25, 25530),
(25535, 'PASCA', '2553', 25, 25535),
(25572, 'PUERTO SALGAR', '2557', 25, 25572),
(25580, 'PULI', '2558', 25, 25580),
(25592, 'QUEBRADANEGRA', '2559', 25, 25592),
(25594, 'QUETAME', '2559', 25, 25594),
(25596, 'QUIPILE', '2559', 25, 25596),
(25599, 'APULO', '2559', 25, 25599),
(25612, 'RICAURTE', '2561', 25, 25612),
(25645, 'SAN ANTONIO DEL TEQUENDAMA', '2564', 25, 25645),
(25649, 'SAN BERNARDO', '2564', 25, 25649),
(25653, 'SAN CAYETANO', '2565', 25, 25653),
(25658, 'SAN FRANCISCO', '2565', 25, 25658),
(25662, 'SAN JUAN DE RIO SECO', '2566', 25, 25662),
(25718, 'SASAIMA', '2571', 25, 25718),
(25736, 'SESQUILE', '2573', 25, 25736),
(25740, 'SIBATE', '2574', 25, 25740),
(25743, 'SILVANIA', '2574', 25, 25743),
(25745, 'SIMIJACA', '2574', 25, 25745),
(25754, 'SOACHA', '2575', 25, 25754),
(25758, 'SOPO', '2575', 25, 25758),
(25769, 'SUBACHOQUE', '2576', 25, 25769),
(25772, 'SUESCA', '2577', 25, 25772),
(25777, 'SUPATA', '2577', 25, 25777),
(25779, 'SUSA', '2577', 25, 25779),
(25781, 'SUTATAUSA', '2578', 25, 25781),
(25785, 'TABIO', '2578', 25, 25785),
(25793, 'TAUSA', '2579', 25, 25793),
(25797, 'TENA', '2579', 25, 25797),
(25799, 'TENJO', '2579', 25, 25799),
(25805, 'TIBACUY', '2580', 25, 25805),
(25807, 'TIBIRITA', '2580', 25, 25807),
(25815, 'TOCAIMA', '2581', 25, 25815),
(25817, 'TOCANCIPA', '2581', 25, 25817),
(25823, 'TOPAIPI', '2582', 25, 25823),
(25839, 'UBALA', '2583', 25, 25839),
(25841, 'UBAQUE', '2584', 25, 25841),
(25843, 'UBATE', '2584', 25, 25843),
(25845, 'UNE', '2584', 25, 25845),
(25851, 'UTICA', '2585', 25, 25851),
(25862, 'VERGARA', '2586', 25, 25862),
(25867, 'VIANI', '2586', 25, 25867),
(25871, 'VILLAGOMEZ', '2587', 25, 25871),
(25873, 'VILLAPINZON', '2587', 25, 25873),
(25875, 'VILLETA', '2587', 25, 25875),
(25878, 'VIOTA', '2587', 25, 25878),
(25885, 'YACOPI', '2588', 25, 25885),
(25898, 'ZIPACON', '2589', 25, 25898),
(25899, 'ZIPAQUIRA', '2589', 25, 25899),
(27001, 'QUIBDO', '2700', 27, 27001),
(27006, 'ACANDI', '2700', 27, 27006),
(27025, 'ALTO BAUDO', '2702', 27, 27025),
(27050, 'ATRATO', '2705', 27, 27050),
(27073, 'BAGADO', '2707', 27, 27073),
(27075, 'BAHIA SOLANO', '2707', 27, 27075),
(27077, 'BAJO BAUDO', '2707', 27, 27077),
(27086, 'BELEN DE BAJIRA', '2708', 27, 27086),
(27099, 'BOJAYA', '2709', 27, 27099),
(27135, 'EL CANTON DEL SAN PABLO', '2713', 27, 27135),
(27150, 'CARMEN DEL DARIEN', '2715', 27, 27150),
(27160, 'CERTEGUI', '2716', 27, 27160),
(27205, 'CONDOTO', '2720', 27, 27205),
(27245, 'EL CARMEN DE ATRATO', '2724', 27, 27245),
(27250, 'EL LITORAL DEL SAN JUAN', '2725', 27, 27250),
(27361, 'ISTMINA', '2736', 27, 27361),
(27372, 'JURADO', '2737', 27, 27372),
(27413, 'LLORO', '2741', 27, 27413),
(27425, 'MEDIO ATRATO', '2742', 27, 27425),
(27430, 'MEDIO BAUDO', '2743', 27, 27430),
(27450, 'MEDIO SAN JUAN', '2745', 27, 27450),
(27491, 'NOVITA', '2749', 27, 27491),
(27495, 'NUQUI', '2749', 27, 27495),
(27580, 'RIO IRO', '2758', 27, 27580),
(27600, 'RIO QUITO', '2760', 27, 27600),
(27615, 'RIOSUCIO', '2761', 27, 27615),
(27660, 'SAN JOSE DEL PALMAR', '2766', 27, 27660),
(27745, 'SIPI', '2774', 27, 27745),
(27787, 'TADO', '2778', 27, 27787),
(27800, 'UNGUIA', '2780', 27, 27800),
(27810, 'UNION PANAMERICANA', '2781', 27, 27810),
(41001, 'NEIVA', '4100', 41, 41001),
(41006, 'ACEVEDO', '4100', 41, 41006),
(41013, 'AGRADO', '4101', 41, 41013),
(41016, 'AIPE', '4101', 41, 41016),
(41020, 'ALGECIRAS', '4102', 41, 41020),
(41026, 'ALTAMIRA', '4102', 41, 41026),
(41078, 'BARAYA', '4107', 41, 41078),
(41132, 'CAMPOALEGRE', '4113', 41, 41132),
(41206, 'COLOMBIA', '4120', 41, 41206),
(41244, 'ELIAS', '4124', 41, 41244),
(41298, 'GARZON', '4129', 41, 41298),
(41306, 'GIGANTE', '4130', 41, 41306),
(41319, 'GUADALUPE', '4131', 41, 41319),
(41349, 'HOBO', '4134', 41, 41349),
(41357, 'IQUIRA', '4135', 41, 41357),
(41359, 'ISNOS', '4135', 41, 41359),
(41378, 'LA ARGENTINA', '4137', 41, 41378),
(41396, 'LA PLATA', '4139', 41, 41396),
(41483, 'NATAGA', '4148', 41, 41483),
(41503, 'OPORAPA', '4150', 41, 41503),
(41518, 'PAICOL', '4151', 41, 41518),
(41524, 'PALERMO', '4152', 41, 41524),
(41530, 'PALESTINA', '4153', 41, 41530),
(41548, 'PITAL', '4154', 41, 41548),
(41551, 'PITALITO', '4155', 41, 41551),
(41615, 'RIVERA', '4161', 41, 41615),
(41660, 'SALADOBLANCO', '4166', 41, 41660),
(41668, 'SAN AGUSTIN', '4166', 41, 41668),
(41676, 'SANTA MARIA', '4167', 41, 41676),
(41770, 'SUAZA', '4177', 41, 41770),
(41791, 'TARQUI', '4179', 41, 41791),
(41797, 'TESALIA', '4179', 41, 41797),
(41799, 'TELLO', '4179', 41, 41799),
(41801, 'TERUEL', '4180', 41, 41801),
(41807, 'TIMANA', '4180', 41, 41807),
(41872, 'VILLAVIEJA', '4187', 41, 41872),
(41885, 'YAGUARA', '4188', 41, 41885),
(44001, 'RIOHACHA', '4400', 44, 44001),
(44035, 'ALBANIA', '4403', 44, 44035),
(44078, 'BARRANCAS', '4407', 44, 44078),
(44090, 'DIBULLA', '4409', 44, 44090),
(44098, 'DISTRACCION', '4409', 44, 44098),
(44110, 'EL MOLINO', '4411', 44, 44110),
(44279, 'FONSECA', '4427', 44, 44279),
(44378, 'HATONUEVO', '4437', 44, 44378),
(44420, 'LA JAGUA DEL PILAR', '4442', 44, 44420),
(44430, 'MAICAO', '4443', 44, 44430),
(44560, 'MANAURE', '4456', 44, 44560),
(44650, 'SAN JUAN DEL CESAR', '4465', 44, 44650),
(44847, 'URIBIA', '4484', 44, 44847),
(44855, 'URUMITA', '4485', 44, 44855),
(44874, 'VILLANUEVA', '4487', 44, 44874),
(47001, 'SANTA MARTA - MAGDALENA', '4700', 47, 47001),
(47030, 'ALGARROBO', '4703', 47, 47030),
(47053, 'ARACATACA', '4705', 47, 47053),
(47058, 'ARIGUANI', '4705', 47, 47058),
(47161, 'CERRO SAN ANTONIO', '4716', 47, 47161),
(47170, 'CHIBOLO', '4717', 47, 47170),
(47189, 'CIENAGA', '4718', 47, 47189),
(47205, 'CONCORDIA', '4720', 47, 47205),
(47245, 'EL BANCO', '4724', 47, 47245),
(47258, 'EL PINON', '4725', 47, 47258),
(47268, 'EL RETEN', '4726', 47, 47268),
(47288, 'FUNDACION', '4728', 47, 47288),
(47318, 'GUAMAL', '4731', 47, 47318),
(47460, 'NUEVA GRANADA', '4746', 47, 47460),
(47541, 'PEDRAZA', '4754', 47, 47541),
(47545, 'PIJINO DEL CARMEN', '4754', 47, 47545),
(47551, 'PIVIJAY', '4755', 47, 47551),
(47555, 'PLATO', '4755', 47, 47555),
(47570, 'PUEBLOVIEJO', '4757', 47, 47570),
(47605, 'REMOLINO', '4760', 47, 47605),
(47660, 'SABANAS DE SAN ANGEL', '4766', 47, 47660),
(47675, 'SALAMINA', '4767', 47, 47675),
(47692, 'SAN SEBASTIAN DE BUENAVISTA', '4769', 47, 47692),
(47703, 'SAN ZENON', '4770', 47, 47703),
(47707, 'SANTA ANA', '4770', 47, 47707),
(47720, 'SANTA BARBARA DE PINTO', '4772', 47, 47720),
(47745, 'SITIONUEVO', '4774', 47, 47745),
(47798, 'TENERIFE', '4779', 47, 47798),
(47960, 'ZAPAYAN', '4796', 47, 47960),
(47980, 'ZONA BANANERA', '4798', 47, 47980),
(50001, 'VILLAVICENCIO', '5000', 50, 50001),
(50006, 'ACACIAS', '5000', 50, 50006),
(50110, 'BARRANCA DE UPIA', '5011', 50, 50110),
(50124, 'CABUYARO', '5012', 50, 50124),
(50150, 'CASTILLA LA NUEVA', '5015', 50, 50150),
(50223, 'CUBARRAL', '5022', 50, 50223),
(50226, 'CUMARAL', '5022', 50, 50226),
(50245, 'EL CALVARIO', '5024', 50, 50245),
(50251, 'EL CASTILLO', '5025', 50, 50251),
(50270, 'EL DORADO', '5027', 50, 50270),
(50287, 'FUENTE DE ORO', '5028', 50, 50287),
(50313, 'GRANADA-META', '5031', 50, 50313),
(50318, 'GUAMAL', '5031', 50, 50318),
(50325, 'MAPIRIPAN', '5032', 50, 50325),
(50330, 'MESETAS', '5033', 50, 50330),
(50350, 'LA MACARENA', '5035', 50, 50350),
(50370, 'URIBE', '5037', 50, 50370),
(50400, 'LEJANIAS', '5040', 50, 50400),
(50450, 'PUERTO CONCORDIA', '5045', 50, 50450),
(50568, 'PUERTO GAITAN', '5056', 50, 50568),
(50573, 'PUERTO LOPEZ', '5057', 50, 50573),
(50577, 'PUERTO LLERAS', '5057', 50, 50577),
(50590, 'PUERTO RICO', '5059', 50, 50590),
(50606, 'RESTREPO', '5060', 50, 50606),
(50680, 'SAN CARLOS DE GUAROA', '5068', 50, 50680),
(50683, 'SAN JUAN DE ARAMA', '5068', 50, 50683),
(50686, 'SAN JUANITO', '5068', 50, 50686),
(50689, 'SAN MARTIN', '5068', 50, 50689),
(50711, 'VISTAHERMOSA', '5071', 50, 50711),
(52001, 'PASTO', '5200', 52, 52001),
(52019, 'ALBAN', '5201', 52, 52019),
(52022, 'ALDANA', '5202', 52, 52022),
(52036, 'ANCUYA', '5203', 52, 52036),
(52051, 'ARBOLEDA', '5205', 52, 52051),
(52079, 'BARBACOAS', '5207', 52, 52079),
(52083, 'BELEN', '5208', 52, 52083),
(52110, 'BUESACO', '5211', 52, 52110),
(52203, 'COLON', '5220', 52, 52203),
(52207, 'CONSACA', '5220', 52, 52207),
(52210, 'CONTADERO', '5221', 52, 52210),
(52215, 'CORDOBA', '5221', 52, 52215),
(52224, 'CUASPUD', '5222', 52, 52224),
(52227, 'CUMBAL', '5222', 52, 52227),
(52233, 'CUMBITARA', '5223', 52, 52233),
(52240, 'CHACHAGUI', '5224', 52, 52240),
(52250, 'EL CHARCO', '5225', 52, 52250),
(52254, 'EL PENOL', '5225', 52, 52254),
(52256, 'EL ROSARIO', '5225', 52, 52256),
(52258, 'EL TABLON DE GOMEZ', '5225', 52, 52258),
(52260, 'EL TAMBO', '5226', 52, 52260),
(52287, 'FUNES', '5228', 52, 52287),
(52317, 'GUACHUCAL', '5231', 52, 52317),
(52320, 'GUAITARILLA', '5232', 52, 52320),
(52323, 'GUALMATAN', '5232', 52, 52323),
(52352, 'ILES', '5235', 52, 52352),
(52354, 'IMUES', '5235', 52, 52354),
(52356, 'IPIALES', '5235', 52, 52356),
(52378, 'LA CRUZ', '5237', 52, 52378),
(52381, 'LA FLORIDA', '5238', 52, 52381),
(52385, 'LA LLANADA', '5238', 52, 52385),
(52390, 'LA TOLA', '5239', 52, 52390),
(52399, 'LA UNION', '5239', 52, 52399),
(52405, 'LEIVA', '5240', 52, 52405),
(52411, 'LINARES', '5241', 52, 52411),
(52418, 'LOS ANDES', '5241', 52, 52418),
(52427, 'MAGUI', '5242', 52, 52427),
(52435, 'MALLAMA', '5243', 52, 52435),
(52473, 'MOSQUERA', '5247', 52, 52473),
(52480, 'NARINO', '5248', 52, 52480),
(52490, 'OLAYA HERRERA', '5249', 52, 52490),
(52506, 'OSPINA', '5250', 52, 52506),
(52520, 'FRANCISCO PIZARRO', '5252', 52, 52520),
(52540, 'POLICARPA', '5254', 52, 52540),
(52560, 'POTOSI', '5256', 52, 52560),
(52565, 'PROVIDENCIA', '5256', 52, 52565),
(52573, 'PUERRES', '5257', 52, 52573),
(52585, 'PUPIALES', '5258', 52, 52585),
(52612, 'RICAURTE', '5261', 52, 52612),
(52621, 'ROBERTO PAYAN', '5262', 52, 52621),
(52678, 'SAMANIEGO', '5267', 52, 52678),
(52683, 'SANDONA', '5268', 52, 52683),
(52685, 'SAN BERNARDO', '5268', 52, 52685),
(52687, 'SAN LORENZO', '5268', 52, 52687),
(52693, 'SAN PABLO', '5269', 52, 52693),
(52694, 'SAN PEDRO DE CARTAGO', '5269', 52, 52694),
(52696, 'SANTA BARBARA', '5269', 52, 52696),
(52699, 'SANTACRUZ', '5269', 52, 52699),
(52720, 'SAPUYES', '5272', 52, 52720),
(52786, 'TAMINANGO', '5278', 52, 52786),
(52788, 'TANGUA', '5278', 52, 52788),
(52835, 'TUMACO', '5283', 52, 52835),
(52838, 'TUQUERRES', '5283', 52, 52838),
(52885, 'YACUANQUER', '5288', 52, 52885),
(54001, 'CUCUTA', '5400', 54, 54001),
(54003, 'ABREGO', '5400', 54, 54003),
(54051, 'ARBOLEDAS', '5405', 54, 54051),
(54099, 'BOCHALEMA', '5409', 54, 54099),
(54109, 'BUCARASICA', '5410', 54, 54109),
(54125, 'CACOTA', '5412', 54, 54125),
(54128, 'CACHIRA', '5412', 54, 54128),
(54172, 'CHINACOTA', '5417', 54, 54172),
(54174, 'CHITAGA', '5417', 54, 54174),
(54206, 'CONVENCION', '5420', 54, 54206),
(54223, 'CUCUTILLA', '5422', 54, 54223),
(54239, 'DURANIA', '5423', 54, 54239),
(54245, 'EL CARMEN', '5424', 54, 54245),
(54250, 'EL TARRA', '5425', 54, 54250),
(54261, 'EL ZULIA', '5426', 54, 54261),
(54313, 'GRAMALOTE', '5431', 54, 54313),
(54344, 'HACARI', '5434', 54, 54344),
(54347, 'HERRAN', '5434', 54, 54347),
(54377, 'LABATECA', '5437', 54, 54377),
(54385, 'LA ESPERANZA', '5438', 54, 54385),
(54398, 'LA PLAYA', '5439', 54, 54398),
(54405, 'LOS PATIOS', '5440', 54, 54405),
(54418, 'LOURDES', '5441', 54, 54418),
(54480, 'MUTISCUA', '5448', 54, 54480),
(54498, 'OCANA', '5449', 54, 54498),
(54518, 'PAMPLONA', '5451', 54, 54518),
(54520, 'PAMPLONITA', '5452', 54, 54520),
(54553, 'PUERTO SANTANDER', '5455', 54, 54553),
(54599, 'RAGONVALIA', '5459', 54, 54599),
(54660, 'SALAZAR', '5466', 54, 54660),
(54670, 'SAN CALIXTO', '5467', 54, 54670),
(54673, 'SAN CAYETANO', '5467', 54, 54673),
(54680, 'SANTIAGO', '5468', 54, 54680),
(54720, 'SARDINATA', '5472', 54, 54720),
(54743, 'SILOS', '5474', 54, 54743),
(54800, 'TEORAMA', '5480', 54, 54800),
(54810, 'TIBU', '5481', 54, 54810),
(54820, 'TOLEDO', '5482', 54, 54820),
(54871, 'VILLA CARO', '5487', 54, 54871),
(54874, 'VILLA DEL ROSARIO', '5487', 54, 54874),
(63001, 'ARMENIA', '6300', 63, 63001),
(63111, 'BUENAVISTA', '6311', 63, 63111),
(63130, 'CALARCA', '6313', 63, 63130),
(63190, 'CIRCASIA', '6319', 63, 63190),
(63212, 'CORDOBA', '6321', 63, 63212),
(63272, 'FILANDIA', '6327', 63, 63272),
(63302, 'GENOVA', '6330', 63, 63302),
(63401, 'LA TEBAIDA', '6340', 63, 63401),
(63470, 'MONTENEGRO', '6347', 63, 63470),
(63548, 'PIJAO', '6354', 63, 63548),
(63594, 'QUIMBAYA', '6359', 63, 63594),
(63690, 'SALENTO', '6369', 63, 63690),
(66001, 'PEREIRA', '6600', 66, 66001),
(66045, 'APIA', '6604', 66, 66045),
(66075, 'BALBOA', '6607', 66, 66075),
(66088, 'BELEN DE UMBRIA', '6608', 66, 66088),
(66170, 'DOSQUEBRADAS', '6617', 66, 66170),
(66318, 'GUATICA', '6631', 66, 66318),
(66383, 'LA CELIA', '6638', 66, 66383),
(66400, 'LA VIRGINIA', '6640', 66, 66400),
(66440, 'MARSELLA', '6644', 66, 66440),
(66456, 'MISTRATO', '6645', 66, 66456),
(66572, 'PUEBLO RICO', '6657', 66, 66572),
(66594, 'QUINCHIA', '6659', 66, 66594),
(66682, 'SANTA ROSA DE CABAL', '6668', 66, 66682),
(66687, 'SANTUARIO', '6668', 66, 66687),
(68001, 'BUCARAMANGA', '6800', 68, 68001),
(68013, 'AGUADA', '6801', 68, 68013),
(68020, 'ALBANIA', '6802', 68, 68020),
(68051, 'ARATOCA', '6805', 68, 68051),
(68077, 'BARBOSA SANTANDER', '6807', 68, 68077),
(68079, 'BARICHARA', '6807', 68, 68079),
(68081, 'BARRANCABERMEJA', '6808', 68, 68081),
(68092, 'BETULIA', '6809', 68, 68092),
(68101, 'BOLIVAR', '6810', 68, 68101),
(68121, 'CABRERA', '6812', 68, 68121),
(68132, 'CALIFORNIA', '6813', 68, 68132),
(68147, 'CAPITANEJO', '6814', 68, 68147),
(68152, 'CARCASI', '6815', 68, 68152),
(68160, 'CEPITA', '6816', 68, 68160),
(68162, 'CERRITO', '6816', 68, 68162),
(68167, 'CHARALA', '6816', 68, 68167),
(68169, 'CHARTA', '6816', 68, 68169),
(68176, 'CHIMA', '6817', 68, 68176),
(68179, 'CHIPATA', '6817', 68, 68179),
(68190, 'CIMITARRA', '6819', 68, 68190),
(68207, 'CONCEPCION', '6820', 68, 68207),
(68209, 'CONFINES', '6820', 68, 68209),
(68211, 'CONTRATACION', '6821', 68, 68211),
(68217, 'COROMORO', '6821', 68, 68217),
(68229, 'CURITI', '6822', 68, 68229),
(68235, 'EL CARMEN DE CHUCURI', '6823', 68, 68235),
(68245, 'EL GUACAMAYO', '6824', 68, 68245),
(68250, 'EL PENON', '6825', 68, 68250),
(68255, 'EL PLAYON', '6825', 68, 68255),
(68264, 'ENCINO', '6826', 68, 68264),
(68266, 'ENCISO', '6826', 68, 68266),
(68271, 'FLORIAN', '6827', 68, 68271),
(68276, 'FLORIDABLANCA', '6827', 68, 68276),
(68296, 'GALAN', '6829', 68, 68296),
(68298, 'GAMBITA', '6829', 68, 68298),
(68307, 'GIRON', '6830', 68, 68307),
(68318, 'GUACA', '6831', 68, 68318),
(68320, 'GUADALUPE', '6832', 68, 68320),
(68322, 'GUAPOTA', '6832', 68, 68322),
(68324, 'GUAVATA', '6832', 68, 68324),
(68327, 'GUEPSA', '6832', 68, 68327),
(68344, 'HATO', '6834', 68, 68344),
(68368, 'JESUS MARIA', '6836', 68, 68368),
(68370, 'JORDAN', '6837', 68, 68370),
(68377, 'LA BELLEZA', '6837', 68, 68377),
(68385, 'LANDAZURI', '6838', 68, 68385),
(68397, 'LA PAZ', '6839', 68, 68397),
(68406, 'LEBRIJA', '6840', 68, 68406),
(68418, 'LOS SANTOS', '6841', 68, 68418),
(68425, 'MACARAVITA', '6842', 68, 68425),
(68432, 'MALAGA', '6843', 68, 68432),
(68444, 'MATANZA', '6844', 68, 68444),
(68464, 'MOGOTES', '6846', 68, 68464),
(68468, 'MOLAGAVITA', '6846', 68, 68468),
(68498, 'OCAMONTE', '6849', 68, 68498),
(68500, 'OIBA', '6850', 68, 68500),
(68502, 'ONZAGA', '6850', 68, 68502),
(68522, 'PALMAR', '6852', 68, 68522),
(68524, 'PALMAS DEL SOCORRO', '6852', 68, 68524),
(68533, 'PARAMO', '6853', 68, 68533),
(68547, 'PIEDECUESTA', '6854', 68, 68547),
(68549, 'PINCHOTE', '6854', 68, 68549),
(68572, 'PUENTE NACIONAL', '6857', 68, 68572),
(68573, 'PUERTO PARRA', '6857', 68, 68573),
(68575, 'PUERTO WILCHES', '6857', 68, 68575),
(68615, 'RIONEGRO SANTANDER', '6861', 68, 68615),
(68655, 'SABANA DE TORRES', '6865', 68, 68655),
(68669, 'SAN ANDRES', '6866', 68, 68669),
(68673, 'SAN BENITO', '6867', 68, 68673),
(68679, 'SAN GIL', '6867', 68, 68679),
(68682, 'SAN JOAQUIN', '6868', 68, 68682),
(68684, 'SAN JOSE DE MIRANDA', '6868', 68, 68684),
(68686, 'SAN MIGUEL', '6868', 68, 68686),
(68689, 'SAN VICENTE DE CHUCURI', '6868', 68, 68689),
(68705, 'SANTA BARBARA', '6870', 68, 68705),
(68720, 'SANTA HELENA DEL OPON', '6872', 68, 68720),
(68745, 'SIMACOTA', '6874', 68, 68745),
(68755, 'SOCORRO', '6875', 68, 68755),
(68770, 'SUAITA', '6877', 68, 68770),
(68773, 'SUCRE', '6877', 68, 68773),
(68780, 'SURATA', '6878', 68, 68780),
(68820, 'TONA', '6882', 68, 68820),
(68855, 'VALLE DE SAN JOSE', '6885', 68, 68855),
(68861, 'VELEZ', '6886', 68, 68861),
(68867, 'VETAS', '6886', 68, 68867),
(68872, 'VILLANUEVA', '6887', 68, 68872),
(68895, 'ZAPATOCA', '6889', 68, 68895),
(70001, 'SINCELEJO', '7000', 70, 70001),
(70110, 'BUENAVISTA', '7011', 70, 70110),
(70124, 'CAIMITO', '7012', 70, 70124),
(70204, 'COLOSO', '7020', 70, 70204),
(70215, 'COROZAL', '7021', 70, 70215),
(70221, 'COVENAS', '7022', 70, 70221),
(70230, 'CHALAN', '7023', 70, 70230),
(70233, 'EL ROBLE', '7023', 70, 70233),
(70235, 'GALERAS', '7023', 70, 70235),
(70265, 'GUARANDA', '7026', 70, 70265),
(70400, 'LA UNION', '7040', 70, 70400),
(70418, 'LOS PALMITOS', '7041', 70, 70418),
(70429, 'MAJAGUAL', '7042', 70, 70429),
(70473, 'MORROA', '7047', 70, 70473),
(70508, 'OVEJAS', '7050', 70, 70508),
(70523, 'PALMITO', '7052', 70, 70523),
(70670, 'SAMPUES', '7067', 70, 70670),
(70678, 'SAN BENITO ABAD', '7067', 70, 70678),
(70702, 'SAN JUAN DE BETULIA', '7070', 70, 70702),
(70708, 'SAN MARCOS', '7070', 70, 70708),
(70713, 'SAN ONOFRE', '7071', 70, 70713),
(70717, 'SAN PEDRO', '7071', 70, 70717),
(70742, 'SINCE', '7074', 70, 70742),
(70771, 'SUCRE', '7077', 70, 70771),
(70820, 'SANTIAGO DE TOLU', '7082', 70, 70820),
(70823, 'TOLU VIEJO', '7082', 70, 70823),
(73001, 'IBAGUE', '7300', 73, 73001),
(73024, 'ALPUJARRA', '7302', 73, 73024),
(73026, 'ALVARADO', '7302', 73, 73026),
(73030, 'AMBALEMA', '7303', 73, 73030),
(73043, 'ANZOATEGUI', '7304', 73, 73043),
(73055, 'ARMERO', '7305', 73, 73055),
(73067, 'ATACO', '7306', 73, 73067),
(73124, 'CAJAMARCA', '7312', 73, 73124),
(73148, 'CARMEN DE APICALA', '7314', 73, 73148),
(73152, 'CASABIANCA', '7315', 73, 73152),
(73168, 'CHAPARRAL', '7316', 73, 73168),
(73200, 'COELLO', '7320', 73, 73200),
(73217, 'COYAIMA', '7321', 73, 73217),
(73226, 'CUNDAY', '7322', 73, 73226),
(73236, 'DOLORES', '7323', 73, 73236),
(73268, 'ESPINAL', '7326', 73, 73268),
(73270, 'FALAN', '7327', 73, 73270),
(73275, 'FLANDES', '7327', 73, 73275),
(73283, 'FRESNO', '7328', 73, 73283),
(73319, 'GUAMO', '7331', 73, 73319),
(73347, 'HERVEO', '7334', 73, 73347),
(73349, 'HONDA', '7334', 73, 73349),
(73352, 'ICONONZO', '7335', 73, 73352),
(73408, 'LERIDA', '7340', 73, 73408),
(73411, 'LIBANO', '7341', 73, 73411),
(73443, 'MARIQUITA', '7344', 73, 73443),
(73449, 'MELGAR', '7344', 73, 73449),
(73461, 'MURILLO', '7346', 73, 73461),
(73483, 'NATAGAIMA', '7348', 73, 73483),
(73504, 'ORTEGA', '7350', 73, 73504),
(73520, 'PALOCABILDO', '7352', 73, 73520),
(73547, 'PIEDRAS', '7354', 73, 73547),
(73555, 'PLANADAS', '7355', 73, 73555),
(73563, 'PRADO', '7356', 73, 73563),
(73585, 'PURIFICACION', '7358', 73, 73585),
(73616, 'RIOBLANCO', '7361', 73, 73616),
(73622, 'RONCESVALLES', '7362', 73, 73622),
(73624, 'ROVIRA', '7362', 73, 73624),
(73671, 'SALDANA', '7367', 73, 73671),
(73675, 'SAN ANTONIO', '7367', 73, 73675),
(73678, 'SAN LUIS', '7367', 73, 73678),
(73686, 'SANTA ISABEL', '7368', 73, 73686),
(73770, 'SUAREZ', '7377', 73, 73770),
(73854, 'VALLE DE SAN JUAN', '7385', 73, 73854),
(73861, 'VENADILLO', '7386', 73, 73861),
(73870, 'VILLAHERMOSA', '7387', 73, 73870),
(73873, 'VILLARRICA', '7387', 73, 73873),
(76001, 'CALI', '7600', 76, 76001),
(76020, 'ALCALA', '7602', 76, 76020),
(76036, 'ANDALUCIA', '7603', 76, 76036),
(76041, 'ANSERMANUEVO', '7604', 76, 76041),
(76054, 'ARGELIA', '7605', 76, 76054),
(76100, 'BOLIVAR', '7610', 76, 76100),
(76109, 'BUENAVENTURA', '7610', 76, 76109),
(76111, 'GUADALAJARA DE BUGA', '7611', 76, 76111),
(76113, 'BUGALAGRANDE', '7611', 76, 76113),
(76122, 'CAICEDONIA', '7612', 76, 76122),
(76126, 'CALIMA', '7612', 76, 76126),
(76130, 'CANDELARIA', '7613', 76, 76130),
(76147, 'CARTAGO', '7614', 76, 76147),
(76233, 'DAGUA', '7623', 76, 76233),
(76243, 'EL AGUILA', '7624', 76, 76243),
(76246, 'EL CAIRO', '7624', 76, 76246),
(76248, 'EL CERRITO', '7624', 76, 76248),
(76250, 'EL DOVIO', '7625', 76, 76250),
(76275, 'FLORIDA', '7627', 76, 76275),
(76306, 'GINEBRA', '7630', 76, 76306),
(76318, 'GUACARI', '7631', 76, 76318),
(76364, 'JAMUNDI', '7636', 76, 76364),
(76377, 'LA CUMBRE', '7637', 76, 76377),
(76400, 'LA UNION', '7640', 76, 76400),
(76403, 'LA VICTORIA', '7640', 76, 76403),
(76497, 'OBANDO', '7649', 76, 76497),
(76520, 'PALMIRA', '7652', 76, 76520),
(76563, 'PRADERA', '7656', 76, 76563),
(76606, 'RESTREPO', '7660', 76, 76606),
(76616, 'RIOFRIO', '7661', 76, 76616),
(76622, 'ROLDANILLO', '7662', 76, 76622),
(76670, 'SAN PEDRO', '7667', 76, 76670),
(76736, 'SEVILLA', '7673', 76, 76736),
(76823, 'TORO', '7682', 76, 76823),
(76828, 'TRUJILLO', '7682', 76, 76828),
(76834, 'TULUA', '7683', 76, 76834),
(76845, 'ULLOA', '7684', 76, 76845),
(76863, 'VERSALLES', '7686', 76, 76863),
(76869, 'VIJES', '7686', 76, 76869),
(76890, 'YOTOCO', '7689', 76, 76890),
(76892, 'YUMBO', '7689', 76, 76892),
(76895, 'ZARZAL', '7689', 76, 76895),
(81001, 'ARAUCA', '8100', 81, 81001),
(81065, 'ARAUQUITA', '8106', 81, 81065),
(81220, 'CRAVO NORTE', '8122', 81, 81220),
(81300, 'FORTUL', '8130', 81, 81300),
(81591, 'PUERTO RONDON', '8159', 81, 81591),
(81736, 'SARAVENA', '8173', 81, 81736),
(81794, 'TAME', '8179', 81, 81794),
(85001, 'YOPAL', '8500', 85, 85001),
(85010, 'AGUAZUL', '8501', 85, 85010),
(85015, 'CHAMEZA', '8501', 85, 85015),
(85125, 'HATO COROZAL', '8512', 85, 85125),
(85136, 'LA SALINA', '8513', 85, 85136),
(85139, 'MANI', '8513', 85, 85139),
(85162, 'MONTERREY', '8516', 85, 85162),
(85225, 'NUNCHIA', '8522', 85, 85225),
(85230, 'OROCUE', '8523', 85, 85230),
(85250, 'PAZ DE ARIPORO', '8525', 85, 85250),
(85263, 'PORE', '8526', 85, 85263),
(85279, 'RECETOR', '8527', 85, 85279),
(85300, 'SABANALARGA', '8530', 85, 85300),
(85315, 'SACAMA', '8531', 85, 85315),
(85325, 'SAN LUIS DE PALENQUE', '8532', 85, 85325),
(85400, 'TAMARA', '8540', 85, 85400),
(85410, 'TAURAMENA', '8541', 85, 85410),
(85430, 'TRINIDAD', '8543', 85, 85430),
(85440, 'VILLANUEVA', '8544', 85, 85440),
(86001, 'MOCOA', '8600', 86, 86001),
(86219, 'COLON', '8621', 86, 86219),
(86320, 'ORITO', '8632', 86, 86320),
(86568, 'PUERTO ASIS', '8656', 86, 86568),
(86569, 'PUERTO CAICEDO', '8656', 86, 86569),
(86571, 'PUERTO GUZMAN', '8657', 86, 86571),
(86573, 'LEGUIZAMO', '8657', 86, 86573),
(86749, 'SIBUNDOY', '8674', 86, 86749),
(86755, 'SAN FRANCISCO', '8675', 86, 86755),
(86757, 'SAN MIGUEL', '8675', 86, 86757),
(86760, 'SANTIAGO', '8676', 86, 86760),
(86865, 'VALLE DEL GUAMUEZ', '8686', 86, 86865),
(86885, 'VILLAGARZON', '8688', 86, 86885),
(88001, 'SAN ANDRES', '8800', 88, 88001),
(88564, 'PROVIDENCIA', '8856', 88, 88564),
(91001, 'LETICIA', '9100', 91, 91001),
(91263, 'EL ENCANTO', '9126', 91, 91263),
(91405, 'LA CHORRERA', '9140', 91, 91405),
(91407, 'LA PEDRERA', '9140', 91, 91407),
(91430, 'LA VICTORIA', '9143', 91, 91430),
(91460, 'MIRITI - PARANA', '9146', 91, 91460),
(91530, 'PUERTO ALEGRIA', '9153', 91, 91530),
(91536, 'PUERTO ARICA', '9153', 91, 91536),
(91540, 'PUERTO NARINO', '9154', 91, 91540),
(91669, 'PUERTO SANTANDER', '9166', 91, 91669),
(91798, 'TARAPACA', '9179', 91, 91798),
(94001, 'INIRIDA', '9400', 94, 94001),
(94343, 'BARRANCO MINAS', '9434', 94, 94343),
(94663, 'MAPIRIPANA', '9466', 94, 94663),
(94883, 'SAN FELIPE', '9488', 94, 94883),
(94884, 'PUERTO COLOMBIA', '9488', 94, 94884),
(94885, 'LA GUADALUPE', '9488', 94, 94885),
(94886, 'CACAHUAL', '9488', 94, 94886),
(94887, 'PANA PANA', '9488', 94, 94887),
(94888, 'MORICHAL', '9488', 94, 94888),
(95001, 'SAN JOSE DEL GUAVIARE', '9500', 95, 95001),
(95015, 'CALAMAR', '9501', 95, 95015),
(95025, 'EL RETORNO', '9502', 95, 95025),
(95200, 'MIRAFLORES', '9520', 95, 95200),
(97001, 'MITU', '9700', 97, 97001),
(97161, 'CARURU', '9716', 97, 97161),
(97511, 'PACOA', '9751', 97, 97511),
(97666, 'TARAIRA', '9766', 97, 97666),
(97777, 'PAPUNAUA', '9777', 97, 97777),
(97889, 'YAVARATE', '9788', 97, 97889),
(99001, 'PUERTO CARRENO', '9900', 99, 99001),
(99524, 'LA PRIMAVERA', '9952', 99, 99524),
(99624, 'SANTA ROSALIA', '9962', 99, 99624),
(99773, 'CUMARIBO', '9977', 99, 99773),
(99774, 'SAN JOSE DE RISARALDA', '9977', 66, 99774);

-- --------------------------------------------------------

--
-- Estructura de tabla para la tabla `users_location_countries`
--

CREATE TABLE IF NOT EXISTS `users_location_countries` (
`id` int(11) NOT NULL,
  `name` varchar(255) NOT NULL,
  `code` varchar(4) NOT NULL COMMENT 'unique:1',
  `orden_id` int(11) NOT NULL
) ENGINE=InnoDB  DEFAULT CHARSET=latin1 AUTO_INCREMENT=4 ;

--
-- Volcado de datos para la tabla `users_location_countries`
--

INSERT INTO `users_location_countries` (`id`, `name`, `code`, `orden_id`) VALUES
(1, 'COLOMBIA', '57', 1),
(2, 'USA', '1', 2),
(3, 'ALEMANIA', '23', 3);

-- --------------------------------------------------------

--
-- Estructura de tabla para la tabla `users_location_states`
--

CREATE TABLE IF NOT EXISTS `users_location_states` (
`id` int(11) NOT NULL,
  `name` varchar(255) NOT NULL,
  `code` varchar(4) NOT NULL COMMENT 'unique:1',
  `users_location_countries_id` int(11) NOT NULL COMMENT 'type:select;table:users_location_countries',
  `orden_id` int(11) NOT NULL
) ENGINE=InnoDB  DEFAULT CHARSET=latin1 AUTO_INCREMENT=100 ;

--
-- Volcado de datos para la tabla `users_location_states`
--

INSERT INTO `users_location_states` (`id`, `name`, `code`, `users_location_countries_id`, `orden_id`) VALUES
(5, 'ANTIOQUIA', '5', 1, 5),
(8, 'ATLANTICO', '8', 1, 8),
(11, 'SANTA FE DE BOGOTA', '11', 1, 11),
(13, 'BOLIVAR', '13', 1, 13),
(15, 'BOYACA', '15', 1, 15),
(17, 'CALDAS', '17', 1, 17),
(18, 'CAQUETA', '18', 1, 18),
(19, 'CAUCA', '19', 1, 19),
(20, 'CESAR', '20', 1, 20),
(23, 'CORDOBA', '23', 1, 23),
(25, 'CUNDINAMARCA', '25', 1, 25),
(27, 'CHOCO', '27', 1, 27),
(41, 'HUILA', '41', 1, 41),
(44, 'GUAJIRA', '44', 1, 44),
(47, 'MAGDALENA', '47', 1, 47),
(50, 'META', '50', 1, 50),
(52, 'NARINO', '52', 1, 52),
(54, 'NTE DE SANTANDER', '54', 1, 54),
(63, 'QUINDIO', '63', 1, 63),
(66, 'RISARALDA', '66', 1, 66),
(68, 'SANTANDER', '68', 1, 68),
(70, 'SUCRE', '70', 1, 70),
(73, 'TOLIMA', '73', 1, 73),
(76, 'VALLE', '76', 1, 76),
(81, 'ARAUCA', '81', 1, 81),
(85, 'CASANARE', '85', 1, 85),
(86, 'PUTUMAYO', '86', 1, 86),
(88, 'SAN ANDRES', '88', 1, 88),
(91, 'AMAZONAS', '91', 1, 91),
(94, 'GUAINIA', '94', 1, 94),
(95, 'GUAVIARE', '95', 1, 95),
(97, 'VAUPES', '97', 1, 97),
(99, 'VICHADA', '99', 1, 99);

-- --------------------------------------------------------

--
-- Estructura de tabla para la tabla `users_notifications`
--

CREATE TABLE IF NOT EXISTS `users_notifications` (
`id` int(11) NOT NULL,
  `subject` varchar(255) DEFAULT NULL,
  `body` text,
  `message` varchar(255) NOT NULL,
  `send` tinyint(1) NOT NULL,
  `read` tinyint(1) NOT NULL,
  `users_users_id` int(11) NOT NULL COMMENT 'type:select;table:users_users',
  `created_at` datetime NOT NULL,
  `url` varchar(255) DEFAULT NULL,
  `label` varchar(255) DEFAULT NULL
) ENGINE=InnoDB  DEFAULT CHARSET=latin1 AUTO_INCREMENT=125 ;

--
-- Volcado de datos para la tabla `users_notifications`
--

INSERT INTO `users_notifications` (`id`, `subject`, `body`, `message`, `send`, `read`, `users_users_id`, `created_at`, `url`, `label`) VALUES
(122, 'Puntos disponibles en ITW', '<h1>Hola Gustavo!</h1><p>Tienes 100 puntos vigentes para redimirlos por grandiosos premios que solo de ofrece GASTOP</p>', '<h1>Hola Gustavo!</h1><p>Tienes 100 puntos vigentes para redimirlos por grandiosos premios que solo de ofrece GASTOP</p>', 1, 0, 4, '2015-01-07 00:19:23', 'http://localhost/prog_itw/public/concurso-cliente-fiel/catalogo-de-premios', 'Ver cat치logo de premios'),
(123, 'Puntos por vencerce en ITW', '<h1>Hola Gustavo!</h1><p>Alerta!!! Tienes puntos por vencerce en ITW no esperes mas para redimirlos por grandiosos premios que solo de ofrece GASTOP</p>', '<h1>Hola Gustavo!</h1><p>Alerta!!! Tienes puntos por vencerce en ITW no esperes mas para redimirlos por grandiosos premios que solo de ofrece GASTOP</p>', 1, 0, 4, '2015-01-07 00:39:28', 'http://localhost/prog_itw/public/concurso-cliente-fiel/catalogo-de-premios', 'Ver cat치logo de premios'),
(124, 'Puntos por vencerce en ITW', '<h1>Hola Gustavo!</h1><p>Alerta!!! Tienes puntos por vencerce en ITW no esperes mas para redimirlos por grandiosos premios que solo de ofrece GASTOP</p>', '<h1>Hola Gustavo!</h1><p>Alerta!!! Tienes puntos por vencerce en ITW no esperes mas para redimirlos por grandiosos premios que solo de ofrece GASTOP</p>', 1, 0, 4, '2015-01-07 00:39:28', 'http://localhost/prog_itw/public/concurso-cliente-fiel/catalogo-de-premios', 'Ver cat치logo de premios');

-- --------------------------------------------------------

--
-- Estructura de tabla para la tabla `users_users`
--

CREATE TABLE IF NOT EXISTS `users_users` (
`id` int(11) NOT NULL,
  `password` varchar(128) NOT NULL,
  `email` varchar(128) NOT NULL,
  `name` varchar(255) DEFAULT NULL,
  `lastname` varchar(255) DEFAULT NULL,
  `username` varchar(255) DEFAULT NULL,
  `state` tinyint(1) NOT NULL,
  `state_email` tinyint(1) NOT NULL DEFAULT '0',
  `img` varchar(255) DEFAULT NULL COMMENT 'type:img;label:Image',
  `registered` datetime NOT NULL,
  `trash` tinyint(1) NOT NULL DEFAULT '0',
  `phone` varchar(255) DEFAULT NULL,
  `address` varchar(255) DEFAULT NULL,
  `birthdate` date DEFAULT NULL,
  `identity` varchar(100) DEFAULT NULL,
  `ciudad_id` int(11) DEFAULT NULL,
  `departamento_id` int(11) DEFAULT NULL
) ENGINE=InnoDB  DEFAULT CHARSET=utf8 AUTO_INCREMENT=7 ;

--
-- Volcado de datos para la tabla `users_users`
--

INSERT INTO `users_users` (`id`, `password`, `email`, `name`, `lastname`, `username`, `state`, `state_email`, `img`, `registered`, `trash`, `phone`, `address`, `birthdate`, `identity`, `ciudad_id`, `departamento_id`) VALUES
(1, 'd033e22ae348aeb5660fc2140aec35850c4da997', 'admin@email.com', 'Admin', 'Admin', 'admin', 1, 1, NULL, '2013-10-30 02:39:34', 0, NULL, NULL, NULL, NULL, NULL, NULL),
(2, '12dea96fec20593566ab75692c9949596833adc9', 'user@email.com', 'User', 'Site', 'user', 1, 1, NULL, '2014-05-30 15:04:47', 0, NULL, NULL, NULL, NULL, NULL, NULL),
(3, 'dc76e9f0c0006e8f919e0c515c66dbba3982f785', 'root@email.com', 'Root', 'Root', 'root', 1, 1, NULL, '2014-05-30 15:04:47', 0, NULL, NULL, NULL, NULL, NULL, NULL),
(4, '601f1889667efaebb33b8c12572835da3f027f78', 'gsalgadotoledo@gmail.com', 'Gustavo', 'Salgado', 'gustavo.salgado', 1, 1, NULL, '2015-01-02 04:25:22', 0, '123123123', NULL, NULL, '123123123', 11001, 11),
(5, '5df526b679feb84daea30f48d8ef7bfc6c217fe3', 'gsalgadotoledo@hotmail.com', 'Gustavo', 'Salgado', 'gustavo.salgado', 1, 1, NULL, '2015-01-02 04:27:52', 0, '123123', NULL, NULL, '123123', 11001, 11),
(6, '8cb377ec2db38ea881b379675dc624f419e0fe1c', 'gsalgadotoledo@yahoo.com', 'Gustavo', 'salgado', 'gustavo.salgado', 1, 1, NULL, '2015-01-02 04:30:50', 0, '123123', NULL, NULL, '123123', 11001, 11);

--
-- 칈ndices para tablas volcadas
--

--
-- Indices de la tabla `users_access_tokens`
--
ALTER TABLE `users_access_tokens`
 ADD PRIMARY KEY (`id`), ADD KEY `users_id` (`users_id`);

--
-- Indices de la tabla `users_apps`
--
ALTER TABLE `users_apps`
 ADD PRIMARY KEY (`id`), ADD KEY `users_id` (`users_id`);

--
-- Indices de la tabla `users_apps_scopes`
--
ALTER TABLE `users_apps_scopes`
 ADD PRIMARY KEY (`id`), ADD KEY `apps_id` (`apps_id`);

--
-- Indices de la tabla `users_authassignment`
--
ALTER TABLE `users_authassignment`
 ADD PRIMARY KEY (`itemname`,`userid`);

--
-- Indices de la tabla `users_authitem`
--
ALTER TABLE `users_authitem`
 ADD PRIMARY KEY (`name`);

--
-- Indices de la tabla `users_authitemchild`
--
ALTER TABLE `users_authitemchild`
 ADD PRIMARY KEY (`parent`,`child`), ADD KEY `child` (`child`);

--
-- Indices de la tabla `users_code_auth`
--
ALTER TABLE `users_code_auth`
 ADD PRIMARY KEY (`id`), ADD KEY `users_id` (`users_id`);

--
-- Indices de la tabla `users_code_auth_apps_scopes`
--
ALTER TABLE `users_code_auth_apps_scopes`
 ADD PRIMARY KEY (`id`), ADD KEY `apps_id` (`apps_id`);

--
-- Indices de la tabla `users_config`
--
ALTER TABLE `users_config`
 ADD PRIMARY KEY (`id`);

--
-- Indices de la tabla `users_followers`
--
ALTER TABLE `users_followers`
 ADD PRIMARY KEY (`id`), ADD KEY `users_users_id` (`users_users_id`), ADD KEY `users_follower_id` (`users_follower_id`);

--
-- Indices de la tabla `users_following`
--
ALTER TABLE `users_following`
 ADD PRIMARY KEY (`id`), ADD KEY `users_users_id` (`users_users_id`), ADD KEY `users_following_id` (`users_following_id`);

--
-- Indices de la tabla `users_location_cities`
--
ALTER TABLE `users_location_cities`
 ADD PRIMARY KEY (`id`), ADD KEY `users_location_states_id` (`users_location_states_id`);

--
-- Indices de la tabla `users_location_countries`
--
ALTER TABLE `users_location_countries`
 ADD PRIMARY KEY (`id`);

--
-- Indices de la tabla `users_location_states`
--
ALTER TABLE `users_location_states`
 ADD PRIMARY KEY (`id`), ADD KEY `users_location_countries_id` (`users_location_countries_id`);

--
-- Indices de la tabla `users_notifications`
--
ALTER TABLE `users_notifications`
 ADD PRIMARY KEY (`id`), ADD KEY `users_users_id` (`users_users_id`);

--
-- Indices de la tabla `users_users`
--
ALTER TABLE `users_users`
 ADD PRIMARY KEY (`id`);

--
-- AUTO_INCREMENT de las tablas volcadas
--

--
-- AUTO_INCREMENT de la tabla `users_access_tokens`
--
ALTER TABLE `users_access_tokens`
MODIFY `id` int(11) NOT NULL AUTO_INCREMENT;
--
-- AUTO_INCREMENT de la tabla `users_apps`
--
ALTER TABLE `users_apps`
MODIFY `id` int(11) NOT NULL AUTO_INCREMENT;
--
-- AUTO_INCREMENT de la tabla `users_apps_scopes`
--
ALTER TABLE `users_apps_scopes`
MODIFY `id` int(11) NOT NULL AUTO_INCREMENT;
--
-- AUTO_INCREMENT de la tabla `users_code_auth`
--
ALTER TABLE `users_code_auth`
MODIFY `id` int(11) NOT NULL AUTO_INCREMENT;
--
-- AUTO_INCREMENT de la tabla `users_code_auth_apps_scopes`
--
ALTER TABLE `users_code_auth_apps_scopes`
MODIFY `id` int(11) NOT NULL AUTO_INCREMENT;
--
-- AUTO_INCREMENT de la tabla `users_config`
--
ALTER TABLE `users_config`
MODIFY `id` int(11) NOT NULL AUTO_INCREMENT,AUTO_INCREMENT=2;
--
-- AUTO_INCREMENT de la tabla `users_followers`
--
ALTER TABLE `users_followers`
MODIFY `id` int(11) NOT NULL AUTO_INCREMENT,AUTO_INCREMENT=3;
--
-- AUTO_INCREMENT de la tabla `users_following`
--
ALTER TABLE `users_following`
MODIFY `id` int(11) NOT NULL AUTO_INCREMENT,AUTO_INCREMENT=4;
--
-- AUTO_INCREMENT de la tabla `users_location_cities`
--
ALTER TABLE `users_location_cities`
MODIFY `id` int(11) NOT NULL AUTO_INCREMENT,AUTO_INCREMENT=99775;
--
-- AUTO_INCREMENT de la tabla `users_location_countries`
--
ALTER TABLE `users_location_countries`
MODIFY `id` int(11) NOT NULL AUTO_INCREMENT,AUTO_INCREMENT=4;
--
-- AUTO_INCREMENT de la tabla `users_location_states`
--
ALTER TABLE `users_location_states`
MODIFY `id` int(11) NOT NULL AUTO_INCREMENT,AUTO_INCREMENT=100;
--
-- AUTO_INCREMENT de la tabla `users_notifications`
--
ALTER TABLE `users_notifications`
MODIFY `id` int(11) NOT NULL AUTO_INCREMENT,AUTO_INCREMENT=125;
--
-- AUTO_INCREMENT de la tabla `users_users`
--
ALTER TABLE `users_users`
MODIFY `id` int(11) NOT NULL AUTO_INCREMENT,AUTO_INCREMENT=7;
--
-- Restricciones para tablas volcadas
--

--
-- Filtros para la tabla `users_access_tokens`
--
ALTER TABLE `users_access_tokens`
ADD CONSTRAINT `users_access_tokens_ibfk_1` FOREIGN KEY (`users_id`) REFERENCES `users_users` (`id`) ON DELETE CASCADE ON UPDATE CASCADE;

--
-- Filtros para la tabla `users_apps`
--
ALTER TABLE `users_apps`
ADD CONSTRAINT `users_apps_ibfk_1` FOREIGN KEY (`users_id`) REFERENCES `users_users` (`id`) ON DELETE CASCADE ON UPDATE CASCADE;

--
-- Filtros para la tabla `users_apps_scopes`
--
ALTER TABLE `users_apps_scopes`
ADD CONSTRAINT `users_apps_scopes_ibfk_1` FOREIGN KEY (`apps_id`) REFERENCES `users_apps` (`id`) ON DELETE CASCADE ON UPDATE CASCADE;

--
-- Filtros para la tabla `users_code_auth`
--
ALTER TABLE `users_code_auth`
ADD CONSTRAINT `users_code_auth_ibfk_1` FOREIGN KEY (`users_id`) REFERENCES `users_users` (`id`) ON DELETE CASCADE ON UPDATE CASCADE;

--
-- Filtros para la tabla `users_code_auth_apps_scopes`
--
ALTER TABLE `users_code_auth_apps_scopes`
ADD CONSTRAINT `users_code_auth_apps_scopes_ibfk_1` FOREIGN KEY (`apps_id`) REFERENCES `users_apps` (`id`) ON DELETE CASCADE ON UPDATE CASCADE;

--
-- Filtros para la tabla `users_followers`
--
ALTER TABLE `users_followers`
ADD CONSTRAINT `users_followers_ibfk_1` FOREIGN KEY (`users_users_id`) REFERENCES `users_users` (`id`) ON DELETE CASCADE ON UPDATE CASCADE,
ADD CONSTRAINT `users_followers_ibfk_2` FOREIGN KEY (`users_follower_id`) REFERENCES `users_users` (`id`) ON DELETE CASCADE ON UPDATE CASCADE;

--
-- Filtros para la tabla `users_following`
--
ALTER TABLE `users_following`
ADD CONSTRAINT `users_following_ibfk_1` FOREIGN KEY (`users_users_id`) REFERENCES `users_users` (`id`) ON DELETE CASCADE ON UPDATE CASCADE,
ADD CONSTRAINT `users_following_ibfk_2` FOREIGN KEY (`users_following_id`) REFERENCES `users_users` (`id`) ON DELETE CASCADE ON UPDATE CASCADE;

--
-- Filtros para la tabla `users_location_cities`
--
ALTER TABLE `users_location_cities`
ADD CONSTRAINT `users_location_cities_ibfk_1` FOREIGN KEY (`users_location_states_id`) REFERENCES `users_location_states` (`id`) ON DELETE CASCADE ON UPDATE CASCADE;

--
-- Filtros para la tabla `users_location_states`
--
ALTER TABLE `users_location_states`
ADD CONSTRAINT `users_location_states_ibfk_1` FOREIGN KEY (`users_location_countries_id`) REFERENCES `users_location_countries` (`id`) ON DELETE CASCADE ON UPDATE CASCADE;

--
-- Filtros para la tabla `users_notifications`
--
ALTER TABLE `users_notifications`
ADD CONSTRAINT `users_notifications_ibfk_1` FOREIGN KEY (`users_users_id`) REFERENCES `users_users` (`id`) ON DELETE CASCADE ON UPDATE CASCADE;

/*!40101 SET CHARACTER_SET_CLIENT=@OLD_CHARACTER_SET_CLIENT */;
/*!40101 SET CHARACTER_SET_RESULTS=@OLD_CHARACTER_SET_RESULTS */;
/*!40101 SET COLLATION_CONNECTION=@OLD_COLLATION_CONNECTION */;